Residue,Length,Hydro,Hydro_i,MW,pKa1,pKa2,A_Glu,CW
A,1,41,3,89.1,2.34,9.69,0.5,12.5
C,1,49,3,121.16,1.96,10.28,0.75,24.5
D,1,-55,1,133.11,1.88,9.6,0.61,1
E,1,-31,1,147.13,2.19,9.67,0.86,8.5
F,1,100,4,165.19,1.83,9.13,1.84,63
G,1,0,2,75.07,2.34,9.6,0.31,14.5
H,1,8,2,155.16,1.82,9.17,1.46,33
I,1,99,4,131.18,2.36,9.6,1.21,20
K,1,-23,1,146.19,2.18,8.95,1.31,18.5
L,1,97,4,131.18,2.36,9.6,1.21,33
M,1,74,4,149.21,2.28,9.21,1.25,18.5
N,1,-28,1,132.12,2.02,8.8,0.79,4
P,1,-46,1,115.13,1.99,10.6,0.99,12.5
Q,1,-10,2,146.15,2.17,9.13,0.92,9.5
R,1,-14,1,174.2,2.17,9.04,1.39,18.5
S,1,-5,2,105.09,2.21,9.15,0.49,15
T,1,13,2,119.12,2.09,9.1,0.69,6
V,1,76,4,117.15,2.32,9.62,0.96,25
W,1,97,4,204.23,2.83,9.39,2.39,78.5
Y,1,63,3,181.19,2.2,9.11,1.77,56.5
*,0,0,0,0,0,0,0,0